URL,MLB_ID,AFFILIATE_STATUS,TRACKING_ID,IMAGE_STATUS,PRICE_STATUS,BUTTON_STATUS,HTTP_STATUS
https://comparapreco.github.io/ofertas/beleza/aparador-de-pelos-multigroom-8-em-1-mg3917-15-philips-preto-127-220v-MLB5556558810.html,MLB5556558810,OK,CORRECT,OK,OK,OK,200
https://comparapreco.github.io/ofertas/beleza/attracione-men-perfume-masculino-com-feromonios-ativados-25-ml-MLB66453791.html,MLB66453791,OK,CORRECT,OK,OK,OK,200
https://comparapreco.github.io/ofertas/beleza/creatina-monohidratada-pura-500g-dark-lab-unidade-sem-sabor-MLB4812143184.html,MLB4812143184,OK,CORRECT,OK,OK,OK,200
https://comparapreco.github.io/ofertas/beleza/perfume-arabe-yara-lattafa-eau-de-parfum-100ml-original-c-nf-MLB4350686819.html,MLB4350686819,OK,CORRECT,OK,OK,OK,200
https://comparapreco.github.io/ofertas/beleza/perfume-arabe-feminino-yara-lattafa-eau-de-parfum-100-ml-MLB52363091.html,MLB52363091,OK,CORRECT,OK,OK,OK,200
https://comparapreco.github.io/ofertas/beleza/perfume-banderas-blue-seduction-eau-de-toilette-200-ml-masculino-MLB1036512204.html,MLB1036512204,OK,CORRECT,OK,OK,OK,200
https://comparapreco.github.io/ofertas/beleza/perfume-carolina-herrera-212-vip-men-eau-de-toilette-200ml-masculino-MLB38655102.html,MLB38655102,OK,CORRECT,OK,OK,OK,200
https://comparapreco.github.io/ofertas/beleza/perfume-feminino-l-eau-de-parfum-fragrancia-floral-gourmand-inebriante-com-notas-de-iris-nobre-baunilha-e-MLB6139411.html,MLB6139411,OK,CORRECT,OK,OK,OK,200
https://comparapreco.github.io/ofertas/beleza/perfume-sedutor-arabe-sabah-100ml-original-feminino-MLB45617876.html,MLB45617876,OK,CORRECT,OK,OK,OK,200
https://comparapreco.github.io/ofertas/beleza/perfume-masculino-eau-de-parfum-azzaro-the-most-wanted-intense-100-ml-MLB42145733.html,MLB42145733,OK,CORRECT,OK,OK,OK,200
https://comparapreco.github.io/ofertas/beleza/perfume-masculino-emporio-armani-stronger-with-you-edt-100ml-MLB17460955.html,MLB17460955,OK,CORRECT,OK,OK,OK,200
https://comparapreco.github.io/ofertas/beleza/perfume-armaf-club-de-nuit-intense-105ml-edt-masculino-MLB6140723.html,MLB6140723,OK,CORRECT,OK,OK,OK,200
https://comparapreco.github.io/ofertas/beleza/perfume-sedutor-arabe-sabah-100ml-original-feminino-MLB3994439565.html,MLB3994439565,OK,CORRECT,OK,OK,OK,200
https://comparapreco.github.io/ofertas/beleza/perfume-lattafa-asad-100ml-eau-de-parfum-original-arabe-original-com-nota-fiscal-e-selo-original-lataffa-MLB26000295.html,MLB26000295,OK,CORRECT,OK,OK,OK,200
https://comparapreco.github.io/ofertas/beleza/attracione-men-perfume-masculino-com-feromonios-ativados-25-ml-MLB10164591.html,MLB10164591,OK,CORRECT,OK,OK,OK,200
https://comparapreco.github.io/ofertas/beleza/perfume-carolina-herrera-212-vip-men-eau-de-toilette-200ml-masculino-MLB23056909.html,MLB23056909,OK,CORRECT,OK,OK,OK,200
https://comparapreco.github.io/ofertas/casa/cadeira-escritorio-ergonomica-giratoria-com-apoio-lombar-da-python-fly-preto-malha-MLB5664473412.html,MLB5664473412,OK,CORRECT,OK,OK,OK,200
https://comparapreco.github.io/ofertas/casa/kit-10-pote-de-vidro-marmita-hermetico-370ml-freezer-fitness-rishon-transparente-MLB4371605519.html,MLB4371605519,OK,CORRECT,OK,OK,OK,200
https://comparapreco.github.io/ofertas/casa/lustre-led-sala-moderno-60w-3-arcos-pendente-luminaria-teto-127-220v-dourado-MLB5522151066.html,MLB5522151066,OK,CORRECT,OK,OK,OK,200
https://comparapreco.github.io/ofertas/celulares/apple-iphone-15-128-gb-azul-distribuidor-autorizado-MLB1027172667.html,MLB1027172667,OK,CORRECT,OK,OK,OK,200
https://comparapreco.github.io/ofertas/celulares/apple-iphone-15-128-gb-preto-distribuidor-autorizado-MLB1027172677.html,MLB1027172677,OK,CORRECT,OK,OK,OK,200
https://comparapreco.github.io/ofertas/celulares/apple-iphone-15-256-gb-preto-distribuidor-autorizado-MLB1027172669.html,MLB1027172669,OK,CORRECT,OK,OK,OK,200
https://comparapreco.github.io/ofertas/celulares/apple-iphone-16-128-gb-branco-distribuidor-autorizado-MLB1040287791.html,MLB1040287791,OK,CORRECT,OK,OK,OK,200
https://comparapreco.github.io/ofertas/celulares/apple-iphone-16-128-gb-preto-distribuidor-autorizado-MLB1040287808.html,MLB1040287808,OK,CORRECT,OK,OK,OK,200
https://comparapreco.github.io/ofertas/celulares/apple-iphone-16-128-gb-rosa-distribuidor-autorizado-MLB1040287802.html,MLB1040287802,OK,CORRECT,OK,OK,OK,200
https://comparapreco.github.io/ofertas/celulares/apple-iphone-16-128-gb-ultramarine-distribuidor-autorizado-MLB45680390.html,MLB45680390,OK,CORRECT,OK,OK,OK,200
https://comparapreco.github.io/ofertas/celulares/apple-iphone-16-128-gb-verde-acinzentado-distribuidor-autorizado-MLB47080995.html,MLB47080995,OK,CORRECT,OK,OK,OK,200
https://comparapreco.github.io/ofertas/celulares/carregador-30w-turbo-para-iphone-8-x-xr-11-12-13-14-pro-max-fonte-usb-c-cor-branca-dtimp-branco-MLB47814270.html,MLB47814270,OK,CORRECT,OK,OK,OK,200
https://comparapreco.github.io/ofertas/celulares/carregador-portatil-power-bank-turbo-20000mah-225w-universal-para-iphone-samsung-motorlola-xiaomi-com-display-MLB65588451.html,MLB65588451,OK,CORRECT,OK,OK,OK,200
https://comparapreco.github.io/ofertas/celulares/celular-samsung-galaxy-a07-128gb-4gb-ram-preto-MLB55034955.html,MLB55034955,OK,CORRECT,OK,OK,OK,200
https://comparapreco.github.io/ofertas/celulares/celular-samsung-galaxy-a07-256gb-8gb-camera-50mp-verde-MLB49089309.html,MLB49089309,OK,CORRECT,OK,OK,OK,200
https://comparapreco.github.io/ofertas/celulares/celular-samsung-galaxy-a17-com-ia-128gb-4gb-ram-cam-de-50mp-tela-de-67-nfc-ip54-preto-MLB54987753.html,MLB54987753,OK,CORRECT,OK,OK,OK,200
https://comparapreco.github.io/ofertas/celulares/celular-samsung-galaxy-a36-5g-256gb-8gb-ram-branco-MLB48959123.html,MLB48959123,OK,CORRECT,OK,OK,OK,200
https://comparapreco.github.io/ofertas/celulares/celular-samsung-galaxy-a57-5g-256gb-8gb-ram-cor-gray-MLB67737386.html,MLB67737386,OK,CORRECT,OK,OK,OK,200
https://comparapreco.github.io/ofertas/celulares/celular-samsung-galaxy-s25-ultra-5g-256gb-12gb-cam-quad-cor-titanium-gray-MLB45514086.html,MLB45514086,OK,CORRECT,OK,OK,OK,200
https://comparapreco.github.io/ofertas/celulares/celular-samsung-galaxy-s25-ultra-5g-512gb-12gb-ram-camera-quadrupla-de-200-50-10-50-tela-grande-de-69-titanio-MLB38176139.html,MLB38176139,OK,CORRECT,OK,OK,OK,200
https://comparapreco.github.io/ofertas/celulares/celular-samsung-galaxy-s25-5g-256gb-12gb-ram-camera-tripla-de-50-12-10-tela-grande-de-67-jetblack-MLB56327005.html,MLB56327005,OK,CORRECT,OK,OK,OK,200
https://comparapreco.github.io/ofertas/celulares/celular-smartphone-realme-c73-256gb-8gb-ram-dual-sim-120hz-6000mah-violeta-MLB45513966.html,MLB45513966,OK,CORRECT,OK,OK,OK,200
https://comparapreco.github.io/ofertas/celulares/controle-gamepad-gamesir-x5-lite-usb-c-android-iphone-15-16-mobile-hall-effect-turbo-leve-preto-MLB50567982.html,MLB50567982,OK,CORRECT,OK,OK,OK,200
https://comparapreco.github.io/ofertas/celulares/controle-gamesir-t4-nova-lite-sem-fio-para-pc-switch-android-ios-steam-celular-hall-effect-cor-branco-MLB36695087.html,MLB36695087,OK,CORRECT,OK,OK,OK,200
https://comparapreco.github.io/ofertas/celulares/controle-gamesir-t4-nova-lite-sem-fio-para-pc-switch-android-ios-steam-celular-hall-effect-cor-space-purple-MLB35655836.html,MLB35655836,OK,CORRECT,OK,OK,OK,200
https://comparapreco.github.io/ofertas/celulares/controle-sem-fio-joystick-bluetooth-para-ps4-videogame-tv-samsung-pc-p4-ps-4-dual-shock-manete-pc-gamer-tv-smart-MLB39960346.html,MLB39960346,OK,CORRECT,OK,OK,OK,200
https://comparapreco.github.io/ofertas/celulares/fone-de-ouvido-bluetooth-54-soundcore-p30i-da-anker-cancelamento-de-ruido-adaptativo-graves-poderosos-45h-de-MLB1040287792.html,MLB1040287792,OK,CORRECT,OK,OK,OK,200
https://comparapreco.github.io/ofertas/celulares/fone-de-ouvido-sem-fio-bluetooth-f9-5-pares-som-imersivo-powerbank-moderno-bateria-longa-duracao-academia-MLB27174916.html,MLB27174916,OK,CORRECT,OK,OK,OK,200
https://comparapreco.github.io/ofertas/celulares/galaxy-buds-core-preto-MLB58315694.html,MLB58315694,OK,CORRECT,OK,OK,OK,200
https://comparapreco.github.io/ofertas/celulares/microfone-lapela-redondo-sem-fio-tipo-c-duplo-anti-ruido-p-android-e-iphone-15-16-17-com-caixinha-para-MLB66852007.html,MLB66852007,OK,CORRECT,OK,OK,OK,200
https://comparapreco.github.io/ofertas/celulares/power-bank-20000mah-portatil-carga-rapida-leve-seus-cabos-embutidos-usb-c-e-o-display-pratico-carregamento-rapido-MLB50592250.html,MLB50592250,OK,CORRECT,OK,OK,OK,200
https://comparapreco.github.io/ofertas/celulares/relogio-smartwatch-redmi-watch-5-lite-com-gps-caixa-black-preto-MLB24028629.html,MLB24028629,OK,CORRECT,OK,OK,OK,200
https://comparapreco.github.io/ofertas/celulares/samsung-galaxy-a06-5g-128gb-cinza-MLB69626508.html,MLB69626508,OK,CORRECT,OK,OK,OK,200
https://comparapreco.github.io/ofertas/celulares/samsung-galaxy-a17-a175f-preto-67-4g-wi-nfc-android-1-preto-MLB65114795.html,MLB65114795,OK,CORRECT,OK,OK,OK,200
https://comparapreco.github.io/ofertas/celulares/samsung-galaxy-s25-ultra-5g-512gb-12gb-camera-quadrupla-titanium-gray-MLB46687988.html,MLB46687988,OK,CORRECT,OK,OK,OK,200
https://comparapreco.github.io/ofertas/celulares/samsung-galaxy-s25-5g-256gb-12gb-camera-tripla-azul-marinho-MLB62258511.html,MLB62258511,OK,CORRECT,OK,OK,OK,200
https://comparapreco.github.io/ofertas/celulares/samsung-galaxy-s25-5g-256gb-12gb-camera-tripla-prateado-MLB56513939.html,MLB56513939,OK,CORRECT,OK,OK,OK,200
https://comparapreco.github.io/ofertas/celulares/samsung-galaxy-watch7-smartwatch-44mm-bt-galaxy-ai-verde-MLB65770866.html,MLB65770866,OK,CORRECT,OK,OK,OK,200
https://comparapreco.github.io/ofertas/celulares/smartphone-gamer-infinix-gt30-pro-5g-12gb-ram-256gb-camera-dupla-108mp-selfie-13mp-nfc-6-78-amoled-144hz-dual-MLB62253296.html,MLB62253296,OK,CORRECT,OK,OK,OK,200
https://comparapreco.github.io/ofertas/celulares/smartphone-infinix-smart-10-4gb-ram-256gb-ssd-camera-8mp-ia-tela-667-hd-120hz-bateria-5000mah-processador-MLB58899457.html,MLB58899457,OK,CORRECT,OK,OK,OK,200
https://comparapreco.github.io/ofertas/celulares/smartphone-motorola-moto-g06-128gb-12gb-4gb-ram-8gb-ram-boost-e-camera-50mp-com-ai-bateria-de-5200-mah-tela-MLB58353028.html,MLB58353028,OK,CORRECT,OK,OK,OK,200
https://comparapreco.github.io/ofertas/celulares/smartphone-motorola-moto-g35-5g-128gb-12gb-4gb-ram-8gb-ram-boost-e-camera-50mp-com-ai-nfc-tela-67-com-MLB41540844.html,MLB41540844,OK,CORRECT,OK,OK,OK,200
https://comparapreco.github.io/ofertas/celulares/smartphone-samsung-galaxy-a36-5g-128gb-6gb-ram-camera-tripla-de-ate-50mp-selfie-de-12mp-ip67-super-amoled-67-MLB47115842.html,MLB47115842,OK,CORRECT,OK,OK,OK,200
https://comparapreco.github.io/ofertas/celulares/xiaomi-poco-x7-pro-5g-256gb-amarelo-12ram-50mpx-MLB45513357.html,MLB45513357,OK,CORRECT,OK,OK,OK,200
https://comparapreco.github.io/ofertas/celulares/xiaomi-pocofone-xiaomi-poco-c85-dual-sim-256-gb-8-gb-cor-preto-MLB54068750.html,MLB54068750,OK,CORRECT,OK,OK,OK,200
https://comparapreco.github.io/ofertas/celulares/xiaomi-redmi-15c-8gb-ram-256gb-dual-sim-50mp-fm-impressao-digital-dimm-azul-MLB54099424.html,MLB54099424,OK,CORRECT,OK,OK,OK,200
https://comparapreco.github.io/ofertas/celulares/celular-samsung-galaxy-a07-256gb-8gb-camera-50mp-tela-67-protecao-ip54-processador-6nm-preto-MLB68838381.html,MLB68838381,OK,CORRECT,OK,OK,OK,200
https://comparapreco.github.io/ofertas/celulares/controle-sem-fio-redfin-joystick-compativel-ps4-videogame-tv-pc-celular-android-touchpad-bluetooth-vibracao-MLB26899378.html,MLB26899378,OK,CORRECT,OK,OK,OK,200
https://comparapreco.github.io/ofertas/eletrodomesticos/ar-condicionado-split-hi-wall-samsung-ultra-ai-inverter-9000-btus-frio-r-32-branco-220v-MLB42193461.html,MLB42193461,OK,CORRECT,OK,OK,OK,200
https://comparapreco.github.io/ofertas/eletrodomesticos/cafeteira-eletrica-electrolux-jarra-vidro-acabamento-inox-filtro-permanente-removivel-sistema-corta-pingos-MLB66154233.html,MLB66154233,OK,CORRECT,OK,OK,OK,200
https://comparapreco.github.io/ofertas/eletrodomesticos/cafeteira-expresso-dolce-gusto-arno-genio-s-basic-automatica-cinza-escuro-127v-MLB64192083.html,MLB64192083,OK,CORRECT,OK,OK,OK,200
https://comparapreco.github.io/ofertas/eletrodomesticos/cafeteira-nespresso-essenza-mini-preta-preto-127v-MLB67638659.html,MLB67638659,OK,CORRECT,OK,OK,OK,200
https://comparapreco.github.io/ofertas/eletrodomesticos/caixa-de-som-boombox-aiwa-aws-bbs-01b-200w-ip66-30hs-de-bateria-preto-127-220v-MLB4056119063.html,MLB4056119063,OK,CORRECT,OK,OK,OK,200
https://comparapreco.github.io/ofertas/eletrodomesticos/chuveiro-eletronico-lorenzetti-acqua-duo-ultra-7800w-branco-220v-78-kw-MLB5978099410.html,MLB5978099410,OK,CORRECT,OK,OK,OK,200
https://comparapreco.github.io/ofertas/eletrodomesticos/chuveiro-lorenzetti-loren-shower-ultra-eletronico-branco-7500w-220v-75-w-MLB18393786.html,MLB18393786,OK,CORRECT,OK,OK,OK,200
https://comparapreco.github.io/ofertas/eletrodomesticos/cooktop-a-gas-fischer-4-bocas-fit-line-trempe-esmaltada-aramado-preto-127-220v-MLB4292031849.html,MLB4292031849,OK,CORRECT,OK,OK,OK,200
https://comparapreco.github.io/ofertas/eletrodomesticos/fritadeira-air-fryer-forno-oven-12l-mondial-afon-12l-ab-preto-127v-MLB19055866.html,MLB19055866,OK,CORRECT,OK,OK,OK,200
https://comparapreco.github.io/ofertas/eletrodomesticos/fritadeira-a-ar-mondial-family-puff-4l-preto-1500w-af-31-AMZ-B09B2Y9Z79.html,UNKNOWN,OK,CORRECT,OK,OK,OK,200
https://comparapreco.github.io/ofertas/eletrodomesticos/cafeteira-nespresso-essenza-mini-preta-preto-127v-MLB19479467.html,MLB19479467,OK,CORRECT,OK,OK,OK,200
https://comparapreco.github.io/ofertas/eletrodomesticos/geladeira-electrolux-cycle-defrost-240l-degelo-pratico-uma-porta-branca-re31-127v-branco-MLB6077910.html,MLB6077910,OK,CORRECT,OK,OK,OK,200
https://comparapreco.github.io/ofertas/eletrodomesticos/ar-condicionado-split-hq-hw-inv-9k-frio-viht9kco3s2s13-branco-220v-MLB60724063.html,MLB60724063,OK,CORRECT,OK,OK,OK,200
https://comparapreco.github.io/ofertas/ferramentas/parafusadeira-e-furadeira-impacto-the-black-tools-tb-21pw-3-8-cor-amarelo-frequencia-50-60-hz-127-220v-60hz-MLB38053317.html,MLB38053317,OK,CORRECT,OK,OK,OK,200
https://comparapreco.github.io/ofertas/ferramentas/parafusadeira-furadeira-c-2-baterias-maleta-kit-completo-led-eixo-flexivel-varios-niveis-torque-amarelo-127-220v-MLB64305534.html,MLB64305534,OK,CORRECT,OK,OK,OK,200
https://comparapreco.github.io/ofertas/gamer/cadeira-gamer-profissional-tgc12-preta-thunderx3-AMZ-B07N8P9T2Q.html,UNKNOWN,OK,CORRECT,OK,OK,OK,200
https://comparapreco.github.io/ofertas/games/console-playstation-5-slim-edicao-digital-825-gb-branco-MLB6046653990.html,MLB6046653990,OK,CORRECT,OK,OK,OK,200
https://comparapreco.github.io/ofertas/games/console-sony-playstation-5-edicao-slim-disk-1tb-branco-controle-sem-fio-dualsense-ps5-branco-MLB52897777.html,MLB52897777,OK,CORRECT,OK,OK,OK,200
https://comparapreco.github.io/ofertas/games/controle-joystick-sem-fio-sony-playstation-5-dualsense-midnight-black-preto-MLB18010993.html,MLB18010993,OK,CORRECT,OK,OK,OK,200
https://comparapreco.github.io/ofertas/games/controle-joystick-sem-fio-sony-playstation-dualsense-branco-MLB33997846.html,MLB33997846,OK,CORRECT,OK,OK,OK,200
https://comparapreco.github.io/ofertas/games/controle-sem-fio-dualsense-chroma-teal-ps5-sony-cfi-zct1w-cor-verde-MLB45840555.html,MLB45840555,OK,CORRECT,OK,OK,OK,200
https://comparapreco.github.io/ofertas/games/controle-sem-fio-dualsense-edge-midnight-black-ps5-preto-MLB45953824.html,MLB45953824,OK,CORRECT,OK,OK,OK,200
https://comparapreco.github.io/ofertas/games/controle-sem-fio-dualsense-playstation-5-chroma-indigo-cor-azul-MLB41539969.html,MLB41539969,OK,CORRECT,OK,OK,OK,200
https://comparapreco.github.io/ofertas/games/controle-sem-fio-dualsense-ps5-starlight-blue-starlight-blue-MLB67564313.html,MLB67564313,OK,CORRECT,OK,OK,OK,200
https://comparapreco.github.io/ofertas/games/controle-sem-fio-microsoft-xbox-series-s-x-one-pc-pulse-red-MLB17375584.html,MLB17375584,OK,CORRECT,OK,OK,OK,200
https://comparapreco.github.io/ofertas/games/controle-xbox-wireless-series-x-s-carbon-black-MLB16268160.html,MLB16268160,OK,CORRECT,OK,OK,OK,200
https://comparapreco.github.io/ofertas/games/havit-fone-de-ouvido-headset-gamer-fuxi-h3-quad-mode-com-fio-e-sem-fio-wireless-2-4ghz-bluetooth-cabo-usb-c-MLB27166077.html,MLB27166077,OK,CORRECT,OK,OK,OK,200
https://comparapreco.github.io/ofertas/games/kit-420-figurinhas-do-album-copa-do-mundo-2026-60-envelopes-MLB4627337165.html,MLB4627337165,OK,CORRECT,OK,OK,OK,200
https://comparapreco.github.io/ofertas/games/kit-70-figurinhas-do-album-copa-do-mundo-2026-pronta-entrega-MLB4627310495.html,MLB4627310495,OK,CORRECT,OK,OK,OK,200
https://comparapreco.github.io/ofertas/games/kit-c-36-envelopes-252-cromos-copa-do-mundo-fifa-2026-MLB6582857986.html,MLB6582857986,OK,CORRECT,OK,OK,OK,200
https://comparapreco.github.io/ofertas/games/kit-com-48-pacotes-de-figurinhas-panini-para-o-album-copa-do-mundo-fifa-2026-MLB4674562069.html,MLB4674562069,OK,CORRECT,OK,OK,OK,200
https://comparapreco.github.io/ofertas/games/qrd-ferrox-m5-controle-sem-fio-para-xbox-series-x-s-one-efeito-hall-pc-gamepad-24-ghz-wireless-controller-MLB60046989.html,MLB60046989,OK,CORRECT,OK,OK,OK,200
https://comparapreco.github.io/ofertas/games/ventilador-de-teto-c-controle-6-vel-fenix-ventisol-127-220v-MLB35556218.html,MLB35556218,OK,CORRECT,OK,OK,OK,200
https://comparapreco.github.io/ofertas/informatica/asus-consola-portatil-512-gb-white-z2-rc73ya-nh003w-rog-xbox-ally-asus-ryzen-z2-wh-branco-MLB6070039800.html,MLB6070039800,OK,CORRECT,OK,OK,OK,200
https://comparapreco.github.io/ofertas/informatica/computador-completo-top-intel-core-i5-4570-8gb-ram-ssd-256gb-bivolt-monitor-20-led-75hz-preto-bluepc-MLB65664882.html,MLB65664882,OK,CORRECT,OK,OK,OK,200
https://comparapreco.github.io/ofertas/informatica/impressora-multifuncional-cor-epson-ecotank-l3250-preto-127-220v-MLB5275428302.html,MLB5275428302,OK,CORRECT,OK,OK,OK,200
https://comparapreco.github.io/ofertas/informatica/monitor-gamer-aoc-215-full-hd-gaming-120hz-1ms-22b30hm23-cor-preto-127-220v-MLB4089347501.html,MLB4089347501,OK,CORRECT,OK,OK,OK,200
https://comparapreco.github.io/ofertas/informatica/monitor-gamer-lg-24ms500-b-24ms-ips-fullhd-100hz-ajuste-de-inclinacao-negro-preto-127-220v-MLB34229008.html,MLB34229008,OK,CORRECT,OK,OK,OK,200
https://comparapreco.github.io/ofertas/informatica/monitor-gamer-lg-ultragear-24-24gs60f-b-ips-full-hd-180hz-1ms-gtg-nvidiaa-g-synca-amd-freesync-hdr10-srgb-99-MLB3925829485.html,MLB3925829485,OK,CORRECT,OK,OK,OK,200
https://comparapreco.github.io/ofertas/informatica/monitor-lg-ultragear-27g411a-b-27-fhd-144hz-1ms-mbr-nvidia-g-sync-amd-freesync-hdr10-preto-127-220v-MLB64206195.html,MLB64206195,OK,CORRECT,OK,OK,OK,200
https://comparapreco.github.io/ofertas/informatica/notebook-gamer-asus-tuf-gaming-a15-amd-ryzen-7-rtx-3050-8gb-ram-512gb-ssd-linux-keepos-graphite-black-MLB65030699.html,MLB65030699,OK,CORRECT,OK,OK,OK,200
https://comparapreco.github.io/ofertas/informatica/smart-tv-4k-75-lg-qned73-portal-de-games-processador-ai-7-ger8-4k-super-upscaling-google-cast-integrado-controle-MLB61060326.html,MLB61060326,OK,CORRECT,OK,OK,OK,200
https://comparapreco.github.io/ofertas/informatica/smart-tv-lg-uhd-ai-ua75-43-polegadas-hdr10-pro-processador-7-ai-ger8-webos-25-MLB69311713.html,MLB69311713,OK,CORRECT,OK,OK,OK,200
https://comparapreco.github.io/ofertas/informatica/smart-tv-lg-uhd-ai-ua75-50-polegadas-hdr10-pro-processador-7-ai-ger8-webos-25-MLB65916399.html,MLB65916399,OK,CORRECT,OK,OK,OK,200
https://comparapreco.github.io/ofertas/informatica/smart-tv-profissional-4k-50-lg-uhd-50au801-processador-7-ai-ger8-super-upscaling-google-cast-alexa-integrado-MLB67684069.html,MLB67684069,OK,CORRECT,OK,OK,OK,200
https://comparapreco.github.io/ofertas/informatica/smart-tv-profissional-lg-43-full-hd-processador-a5-ger6-ai-alexa-integrada-webos-23-43lr671c-b-MLB19884311.html,MLB19884311,OK,CORRECT,OK,OK,OK,200
https://comparapreco.github.io/ofertas/informatica/tv-box-aquario-plus-stv-3000-4k-padrao-4k-16gb-preto-com-2gb-de-memoria-ram-MLB49278256.html,MLB49278256,OK,CORRECT,OK,OK,OK,200
https://comparapreco.github.io/ofertas/informatica/smart-tv-32-lg-hd-32lr600bpsa-processador-5-ger6-alexa-webos-MLB66364935.html,MLB66364935,OK,CORRECT,OK,OK,OK,200
https://comparapreco.github.io/ofertas/informatica/smart-tv-lg-uhd-ai-ua75-55-polegadas-hdr10-pro-processador-7-ai-ger8-webos-25-MLB53610161.html,MLB53610161,OK,CORRECT,OK,OK,OK,200
https://comparapreco.github.io/ofertas/informatica/smart-tv-lg-uhd-ai-ua75-65-polegadas-hdr10-pro-processador-7-ai-ger8-webos-25-MLB60390574.html,MLB60390574,OK,CORRECT,OK,OK,OK,200
https://comparapreco.github.io/ofertas/informatica/smart-tv-profissional-4k-43-lg-uhd-43au801-processador-7-ai-ger8-super-upscaling-google-cast-alexa-integrado-MLB67270079.html,MLB67270079,OK,CORRECT,OK,OK,OK,200
https://comparapreco.github.io/ofertas/informatica/smart-tv-profissional-lg-43-full-hd-processador-a5-ger6-ai-alexa-integrada-webos-23-43lr671c-b-MLB23175321.html,MLB23175321,OK,CORRECT,OK,OK,OK,200
https://comparapreco.github.io/ofertas/informatica/tv-box-aquario-plus-stv-3000-4k-padrao-4k-16gb-preto-com-2gb-de-memoria-ram-MLB61071725.html,MLB61071725,OK,CORRECT,OK,OK,OK,200
https://comparapreco.github.io/ofertas/moveis/cadeira-escritorio-ergonomica-genebra-b500-luvinco-cor-preto-com-suporte-lombar-estofado-mesh-malha-MLB26417959.html,MLB26417959,OK,CORRECT,OK,OK,OK,200
https://comparapreco.github.io/ofertas/moveis/cadeira-gamer-com-apoio-de-pes-level-preta-healer-preto-couro-sintetico-MLB22535617.html,MLB22535617,OK,CORRECT,OK,OK,OK,200
https://comparapreco.github.io/ofertas/moveis/cadeira-gamer-profissional-reclinavel-apoio-de-pes-x-ray-MLB39766120.html,MLB39766120,OK,CORRECT,OK,OK,OK,200
https://comparapreco.github.io/ofertas/moveis/cadeira-gamer-python-fly-violeta-ergonomica-altura-regulavel-couro-sintetico-MLB34968599.html,MLB34968599,OK,CORRECT,OK,OK,OK,200
https://comparapreco.github.io/ofertas/moveis/cadeira-gamer-tgt-heron-tc2-preto-tgt-hrtc-bl03-couro-sintetico-MLB41514567.html,MLB41514567,OK,CORRECT,OK,OK,OK,200
https://comparapreco.github.io/ofertas/moveis/cadeira-gamer-wells-preta-healer-preto-couro-sintetico-MLB19763973.html,MLB19763973,OK,CORRECT,OK,OK,OK,200
https://comparapreco.github.io/ofertas/moveis/colchao-solteiro-molas-qatar-88x188x22cm-bege-branco-inducol-cor-bege-MLB49420882.html,MLB49420882,OK,CORRECT,OK,OK,OK,200
https://comparapreco.github.io/ofertas/moveis/cooktop-5-bocas-a-gas-electrolux-mesa-de-vidro-efficient-grade-de-aco-fosco-ke5gr-bivolt-MLB50374350.html,MLB50374350,OK,CORRECT,OK,OK,OK,200
https://comparapreco.github.io/ofertas/moveis/kit-2-mesas-laterais-retro-para-cama-e-quarto-com-pes-MLB63315910.html,MLB63315910,OK,CORRECT,OK,OK,OK,200
https://comparapreco.github.io/ofertas/moveis/cadeira-gamer-com-apoio-de-pes-level-preta-healer-preto-couro-sintetico-MLB19603205.html,MLB19603205,OK,CORRECT,OK,OK,OK,200
https://comparapreco.github.io/ofertas/moveis/cooktop-4-bocas-atlas-agile-up-mesa-vidro-mega-chama-bivolt-preto-MLB46671029.html,MLB46671029,OK,CORRECT,OK,OK,OK,200
https://comparapreco.github.io/ofertas/outros/barbeador-e-aparador-eletrico-philips-oneblade-para-rosto-corpo-sem-fio-e-a-prova-d-agua-qp2824-10-preto-MLB19612966.html,MLB19612966,OK,CORRECT,OK,OK,OK,200
https://comparapreco.github.io/ofertas/outros/tenis-masculino-feminino-kappa-park-20-original-MLB50181290.html,MLB50181290,OK,CORRECT,OK,OK,OK,200
https://comparapreco.github.io/ofertas/outros/800mlgarrafa-termica-agua-squeeze-inox-academiaquente-e-frio-MLB54543594.html,MLB54543594,OK,CORRECT,OK,OK,OK,200
https://comparapreco.github.io/ofertas/outros/aparador-de-pelos-multigroom-8-em-1-mg3917-15-philips-preto-127-220v-MLB50269368.html,MLB50269368,OK,CORRECT,OK,OK,OK,200
https://comparapreco.github.io/ofertas/outros/aquecedor-de-agua-eletrico-lorenzetti-versatil-3-temperaturas-branco-220v-5500w-gn-MLB17449992.html,MLB17449992,OK,CORRECT,OK,OK,OK,200
https://comparapreco.github.io/ofertas/outros/aspirador-de-po-e-agua-wap-gtw-10-1400w-de-potencia-com-bocal-de-sopro-amarelo-preto-220v-MLB19731776.html,MLB19731776,OK,CORRECT,OK,OK,OK,200
https://comparapreco.github.io/ofertas/outros/aspirador-de-po-e-agua-wap-gtw-10-1400w-de-potencia-com-bocal-de-sopro-amarelo-preto-220v-MLB8923631.html,MLB8923631,OK,CORRECT,OK,OK,OK,200
https://comparapreco.github.io/ofertas/outros/aspirador-de-po-vertical-e-portatil-wap-high-speed-plus-1350w-3-em-1-cinza-vermelho-127v-MLB22511808.html,MLB22511808,OK,CORRECT,OK,OK,OK,200
https://comparapreco.github.io/ofertas/outros/bicicleta-ergometrica-fitness-para-cardio-e-musculacao-com-base-cor-preto-e-vermelho-6kg-inercia-marca-sevenfit-MLB25929487.html,MLB25929487,OK,CORRECT,OK,OK,OK,200
https://comparapreco.github.io/ofertas/outros/bicicleta-ergometrica-fitness-para-cardio-e-musculacao-com-base-cor-preto-e-vermelho-6kg-inercia-marca-sevenfit-MLB42978348.html,MLB42978348,OK,CORRECT,OK,OK,OK,200
https://comparapreco.github.io/ofertas/outros/caixa-de-som-bluetooth-jbl-partybox-club-120-preto-127-220v-MLB36700711.html,MLB36700711,OK,CORRECT,OK,OK,OK,200
https://comparapreco.github.io/ofertas/outros/caixa-de-som-bluetooth-mifa-a90-potencia-60w-cor-preto-127-220v-MLB43918941.html,MLB43918941,OK,CORRECT,OK,OK,OK,200
https://comparapreco.github.io/ofertas/outros/camera-seguranca-wifi-yoosee-mini-dome-full-hd-vianova-branco-MLB27492296.html,MLB27492296,OK,CORRECT,OK,OK,OK,200
https://comparapreco.github.io/ofertas/outros/cartao-de-memoria-micro-sd-kateluo-ultra-128-gb-com-adaptador-sd-MLB68202517.html,MLB68202517,OK,CORRECT,OK,OK,OK,200
https://comparapreco.github.io/ofertas/outros/chapinha-de-cabelo-mq-professional-titanium-pro-480-cor-chumbo-127-220v-MLB25860033.html,MLB25860033,OK,CORRECT,OK,OK,OK,200
https://comparapreco.github.io/ofertas/outros/cobertor-queen-grosso-coberdrom-la-carneiro-dupla-face-manta-MLB46836439.html,MLB46836439,OK,CORRECT,OK,OK,OK,200
https://comparapreco.github.io/ofertas/outros/conjunto-panelas-antiaderente-10-pecas-teflon-varias-cores-MLB32717965.html,MLB32717965,OK,CORRECT,OK,OK,OK,200
https://comparapreco.github.io/ofertas/outros/cortina-3-00x2-80-metros-blackout-blecaute-avela-corta-luz-em-tecido-grosso-para-quarto-e-sala-casa-laura-MLB29614957.html,MLB29614957,OK,CORRECT,OK,OK,OK,200
https://comparapreco.github.io/ofertas/outros/smart-box-proeletronic-smartpro-prosb-3000-16-gb-4k-hd-preto-padrao-MLB20662382.html,MLB20662382,OK,CORRECT,OK,OK,OK,200
https://comparapreco.github.io/ofertas/outros/camera-ip-a8-app-icsee-infravermelho-prova-d-agua-externa-wifi-hd-cor-branco-MLB63315912.html,MLB63315912,OK,CORRECT,OK,OK,OK,200
https://comparapreco.github.io/ofertas/outros/camera-seguranca-wifi-ip-lente-dupla-2x-3mp-externa-360-a-prova-dagua-cor-cinza-MLB22663071.html,MLB22663071,OK,CORRECT,OK,OK,OK,200
https://comparapreco.github.io/ofertas/outros/fone-de-ouvido-headphone-dapon-h02d-bluetooth-51-over-ear-22h-preto-MLB24117280.html,MLB24117280,OK,CORRECT,OK,OK,OK,200
https://comparapreco.github.io/ofertas/outros/fone-de-ouvido-soundcore-by-anker-p20i-graves-poderosos-e-impactantes-bluetooth-53-30h-de-reproducao-resistencia-MLB50853162.html,MLB50853162,OK,CORRECT,OK,OK,OK,200
https://comparapreco.github.io/ofertas/outros/garrafa-termica-1-litro-com-termometro-led-para-chas-cafe-MLB44906664.html,MLB44906664,OK,CORRECT,OK,OK,OK,200
https://comparapreco.github.io/ofertas/outros/grill-sanduicheira-cadence-san400-eletrica-chapa-misteira-tostex-tostequeira-hamburguer-click-preto-127v-MLB41541009.html,MLB41541009,OK,CORRECT,OK,OK,OK,200
https://comparapreco.github.io/ofertas/outros/microfone-gamer-profissional-cardioid-com-braco-articulado-preto-MLB66169315.html,MLB66169315,OK,CORRECT,OK,OK,OK,200
https://comparapreco.github.io/ofertas/outros/headset-qcy-h3-anc-adaptativo-bluetooth-53-multiponto-60h-cor-preto-MLB28965708.html,MLB28965708,OK,CORRECT,OK,OK,OK,200
https://comparapreco.github.io/ofertas/outros/headset-qcy-h3-lite-anc-bluetooth-53-multiponto-60h-cor-preto-MLB37120224.html,MLB37120224,OK,CORRECT,OK,OK,OK,200
https://comparapreco.github.io/ofertas/outros/hidratante-facial-hydro-boost-water-gel-50g-neutrogena-todo-tipo-de-pele-dia-noite-MLB6122462.html,MLB6122462,OK,CORRECT,OK,OK,OK,200
https://comparapreco.github.io/ofertas/outros/impressora-multifuncional-wi-epson-ecotank-l3250-mod-c11cj67301-preto-127v-MLB18446928.html,MLB18446928,OK,CORRECT,OK,OK,OK,200
https://comparapreco.github.io/ofertas/outros/jogo-de-panelas-inducao-antiaderente-ceramica-10-pecas-ppg-pfoa-free-baunilha-MLB27417990.html,MLB27417990,OK,CORRECT,OK,OK,OK,200
https://comparapreco.github.io/ofertas/outros/jogo-toalhas-banho-grossas-macias-algodao-4pc-absorventes-MLB62276296.html,MLB62276296,OK,CORRECT,OK,OK,OK,200
https://comparapreco.github.io/ofertas/outros/joystick-sem-fio-vermelho-sony-ps5-MLB44885058.html,MLB44885058,OK,CORRECT,OK,OK,OK,200
https://comparapreco.github.io/ofertas/outros/kit-10-pote-de-vidro-marmita-hermetico-640ml-freezer-fitness-rishon-azul-escuro-MLB32551422.html,MLB32551422,OK,CORRECT,OK,OK,OK,200
https://comparapreco.github.io/ofertas/outros/kit-10-potes-vidro-hermetico-aristus-640ml-marmita-anti-vazamento-forno-micro-ondas-freezer-tampa-4-travas-cinza-MLB63315915.html,MLB63315915,OK,CORRECT,OK,OK,OK,200
https://comparapreco.github.io/ofertas/outros/kit-2-camera-seguranca-ip-interna-externa-wifi-icsee-infravermelho-prova-dagua-hw-branco-MLB55477372.html,MLB55477372,OK,CORRECT,OK,OK,OK,200
https://comparapreco.github.io/ofertas/outros/kit-2-camera-seguranca-ip-interna-externa-wifi-icsee-infravermelho-prova-dagua-hw-branco-MLB65966191.html,MLB65966191,OK,CORRECT,OK,OK,OK,200
https://comparapreco.github.io/ofertas/outros/kit-2-short-duplo-compressao-fitness-bermuda-treino-feminino-MLB19140416.html,MLB19140416,OK,CORRECT,OK,OK,OK,200
https://comparapreco.github.io/ofertas/outros/kit-body-splash-masculino-barbarius-enigma-midtown-200ml-MLB18247621.html,MLB18247621,OK,CORRECT,OK,OK,OK,200
https://comparapreco.github.io/ofertas/outros/kit-4-radio-comunicador-baofeng-walkie-talkie-bf-777s-profissional-16-canais-16ch-5w-longo-alcance-ate-12km-preto-MLB67540101.html,MLB67540101,OK,CORRECT,OK,OK,OK,200
https://comparapreco.github.io/ofertas/outros/lava-roupas-liquido-profissional-perfect-white-7l-omo-MLB46220740.html,MLB46220740,OK,CORRECT,OK,OK,OK,200
https://comparapreco.github.io/ofertas/outros/malbec-100ml-boticario-MLB9033853.html,MLB9033853,OK,CORRECT,OK,OK,OK,200
https://comparapreco.github.io/ofertas/outros/aquecedor-ab1100n-1500w-branco-britania-127v-MLB8923610.html,MLB8923610,OK,CORRECT,OK,OK,OK,200
https://comparapreco.github.io/ofertas/outros/micro-ondas-electrolux-de-bancada-branco-com-funcao-tira-odor-e-manter-aquecido-34l-meo44-127v-MLB8742310.html,MLB8742310,OK,CORRECT,OK,OK,OK,200
https://comparapreco.github.io/ofertas/outros/microfone-gamer-pc-com-braco-articulado-condensador-rgb-preto-MLB65342537.html,MLB65342537,OK,CORRECT,OK,OK,OK,200
https://comparapreco.github.io/ofertas/outros/panela-de-pressao-brinox-pressure-4-2l-20-x-14-5-cm-vanilla-baunilha-vanila-MLB63904966.html,MLB63904966,OK,CORRECT,OK,OK,OK,200
https://comparapreco.github.io/ofertas/outros/purificador-agua-e-due-equilibrium-grafite-ibbl-bivolt-127-220v-MLB68765218.html,MLB68765218,OK,CORRECT,OK,OK,OK,200
https://comparapreco.github.io/ofertas/outros/racao-royal-canin-satiety-small-dog-caes-7-5kg-MLB58375066.html,MLB58375066,OK,CORRECT,OK,OK,OK,200
https://comparapreco.github.io/ofertas/outros/refil-p-filtro-pe12b-electrolux-acqua-pure-c-carvao-ativo-prateado-MLB15238956.html,MLB15238956,OK,CORRECT,OK,OK,OK,200
https://comparapreco.github.io/ofertas/outros/secador-de-cabelos-philco-psc3500-4-em-1-dobravel-motor-bldc-prateado-bege-220v-MLB7917167.html,MLB7917167,OK,CORRECT,OK,OK,OK,200
https://comparapreco.github.io/ofertas/outros/secador-de-cabelos-philco-psc3500-4-em-1-dobravel-motor-bldc-prateado-bege-220v-MLB15977315.html,MLB15977315,OK,CORRECT,OK,OK,OK,200
https://comparapreco.github.io/ofertas/outros/secador-de-cabelos-philco-psc3500-4-em-1-dobravel-motor-bldc-prateado-bege-220v-MLB18927373.html,MLB18927373,OK,CORRECT,OK,OK,OK,200
https://comparapreco.github.io/ofertas/outros/smartwatch-huawei-watch-gt-6-pro-46mm-de-titanio-com-gps-ecg-e-bateria-de-21-dias-prateado-escuro-preto-MLB55027309.html,MLB55027309,OK,CORRECT,OK,OK,OK,200
https://comparapreco.github.io/ofertas/outros/tanquinho-lcs15-15kg-semiautomatica-colormaq-cor-branco-127v-MLB25676946.html,MLB25676946,OK,CORRECT,OK,OK,OK,200
https://comparapreco.github.io/ofertas/outros/tenis-adidas-solado-boost-run-corrida-masculino-MLB59090080.html,MLB59090080,OK,CORRECT,OK,OK,OK,200
https://comparapreco.github.io/ofertas/outros/walkie-talkie-radios-comunicador-kit-com-2-unidades-radinho-walk-talk-completo-fone-microfone-e-acessorios-radio-MLB1040287800.html,MLB1040287800,OK,CORRECT,OK,OK,OK,200
https://comparapreco.github.io/ofertas/outros/caixa-de-som-bluetooth-pulse-x-boombox-220w-rms-sp626-preto-127-220v-MLB61517857.html,MLB61517857,OK,CORRECT,OK,OK,OK,200
https://comparapreco.github.io/ofertas/outros/camisa-social-feminina-classica-listrada-c-botoes-tendencia-MLB54961556.html,MLB54961556,OK,CORRECT,OK,OK,OK,200
https://comparapreco.github.io/ofertas/outros/kit-body-splash-masculino-barbarius-enigma-midtown-200ml-MLB68104527.html,MLB68104527,OK,CORRECT,OK,OK,OK,200
https://comparapreco.github.io/ofertas/outros/kit-700-figurinha-do-album-copa-do-mundo-2026-100-envelopes-MLB34219371.html,MLB34219371,OK,CORRECT,OK,OK,OK,200
https://comparapreco.github.io/ofertas/outros/creatina-monohidratada-250g-growth-supplements-sem-sabor-em-po-MLB66637233.html,MLB66637233,OK,CORRECT,OK,OK,OK,200
https://comparapreco.github.io/ofertas/outros/bicicleta-spinning-com-roda-de-inercia-de-13kg-wct-fitness-cor-preto-preto-amarelo-MLB18725310.html,MLB18725310,OK,CORRECT,OK,OK,OK,200
https://comparapreco.github.io/ofertas/outros/tela-de-projecao-retratil-dobravel-de-120-com-suporte-0-MLB66054883.html,MLB66054883,OK,CORRECT,OK,OK,OK,200
https://comparapreco.github.io/ofertas/outros/tela-projecao-100-polegadas-imagem-nitida-cinema-em-casa-127-220v-MLB48946085.html,MLB48946085,OK,CORRECT,OK,OK,OK,200
https://comparapreco.github.io/ofertas/outros/fone-de-ouvido-sem-fio-stage-hero6-tws-bluetooth-52-cancelamento-de-ruido-ativo-35h-ipx5-para-academia-corrida-e-MLB55917340.html,MLB55917340,OK,CORRECT,OK,OK,OK,200
https://comparapreco.github.io/ofertas/outros/aspirador-de-po-e-agua-wap-gtw-inox-15-barril-1700w-com-bocal-de-sopro-e-acessorios-aco-inoxidavel-preto-amarelo-MLB20862597.html,MLB20862597,OK,CORRECT,OK,OK,OK,200
https://comparapreco.github.io/ofertas/outros/aspirador-de-po-e-agua-wap-gtw-inox-12-1400w-com-bocal-de-sopro-aco-inoxidavel-preto-amarelo-220v-MLB6339959.html,MLB6339959,OK,CORRECT,OK,OK,OK,200
https://comparapreco.github.io/ofertas/outros/micro-ondas-20l-preto-mastercook-midea-220v-MLB56461322.html,MLB56461322,OK,CORRECT,OK,OK,OK,200
https://comparapreco.github.io/ofertas/outros/micro-ondas-32-litros-cms46ar-cinza-consul-127v-MLB19310684.html,MLB19310684,OK,CORRECT,OK,OK,OK,200
https://comparapreco.github.io/ofertas/outros/purificador-de-agua-ibbl-e-due-prata-127-220v-MLB22647624.html,MLB22647624,OK,CORRECT,OK,OK,OK,200
https://comparapreco.github.io/ofertas/outros/micro-ondas-cm020bf-20-litros-espelhado-com-funcao-descongelar-cor-cinza-e-inox-consul-127v-MLB6207755.html,MLB6207755,OK,CORRECT,OK,OK,OK,200
https://comparapreco.github.io/ofertas/outros/panificadora-19-programas-gallant-600w-preta-preto-127v-MLB47112527.html,MLB47112527,OK,CORRECT,OK,OK,OK,200
https://comparapreco.github.io/ofertas/tecnologia/apple-iphone-16-128-gb-preto-AMZ-B0CHX1W21Z.html,UNKNOWN,OK,CORRECT,OK,OK,OK,200
https://comparapreco.github.io/ofertas/tv-e-video/smart-tv-43-philco-p43vik-roku-led-dolby-audio-wi-hdmi-hdr-full-hd-110-220v-MLB63040715.html,MLB63040715,OK,CORRECT,OK,OK,OK,200
https://comparapreco.github.io/ofertas/tv-e-video/smart-tv-43-philco-p43vik-roku-led-dolby-audio-wi-hdmi-hdr-full-hd-110-220v-MLB48946861.html,MLB48946861,OK,CORRECT,OK,OK,OK,200
https://comparapreco.github.io/ofertas/tv-e-video/maxnova-projetor-hy300-4k-portatil-branco-127-220v-MLB37929806.html,MLB37929806,OK,CORRECT,OK,OK,OK,200
https://comparapreco.github.io/ofertas/tv-e-video/mini-projetor-davely-hy300-4k-android-com-wi-e-bluetooth-branco-127-220v-MLB48955624.html,MLB48955624,OK,CORRECT,OK,OK,OK,200
https://comparapreco.github.io/ofertas/tv-e-video/smart-tv-philco-50-p50vik-4k-uhd-led-roku-dolby-audio-wi-hdr10-110-220v-MLB67267597.html,MLB67267597,OK,CORRECT,OK,OK,OK,200
https://comparapreco.github.io/ofertas/tv-e-video/smart-tv-philco-50-p50vik-4k-uhd-led-roku-dolby-audio-wi-hdr10-110-220v-MLB42835779.html,MLB42835779,OK,CORRECT,OK,OK,OK,200
https://comparapreco.github.io/ofertas/tv-e-video/lancamento-tv-box-uni-v10-4k-versao-preto-padrao-copa-2026-preto-padrao-MLB51227508.html,MLB51227508,OK,CORRECT,OK,OK,OK,200
https://comparapreco.github.io/ofertas/tv-e-video/mini-projetor-davely-hy300-4k-android-com-wi-e-bluetooth-branco-127-220v-MLB51632525.html,MLB51632525,OK,CORRECT,OK,OK,OK,200
https://comparapreco.github.io/ofertas/tv-e-video/smart-tv-50-aoc-4k-dled-50u7045-78g-roku-tv-quad-MLB66191173.html,MLB66191173,OK,CORRECT,OK,OK,OK,200
https://comparapreco.github.io/ofertas/tv-e-video/projetor-bettdow-ac1066-para-netflix-chatgpt-350ansi-preto-127-220v-MLB35587178.html,MLB35587178,OK,CORRECT,OK,OK,OK,200
https://comparapreco.github.io/ofertas/tv-e-video/projetor-hy320-davely-smart-tv-android-wifi-6-390-ansi-lumens-full-hd-suporte-4k-hdmi-bluetooth-85-200-polegadas-MLB55521828.html,MLB55521828,OK,CORRECT,OK,OK,OK,200
https://comparapreco.github.io/ofertas/tv-e-video/projetor-mini-bettdow-ac1073-22000lm-1080p-cor-preto-127-220v-MLB61595839.html,MLB61595839,OK,CORRECT,OK,OK,OK,200
https://comparapreco.github.io/ofertas/tv-e-video/projetor-profissional-android-4k-portatil-5g-wifi-full-hd-branco-127-220v-MLB40586256.html,MLB40586256,OK,CORRECT,OK,OK,OK,200
https://comparapreco.github.io/ofertas/tv-e-video/projetor-smart-portatil-full-hd-4k-bluetooth-android-wifi-branco-127-220v-MLB63950169.html,MLB63950169,OK,CORRECT,OK,OK,OK,200
https://comparapreco.github.io/ofertas/tv-e-video/projetor-vlx-hy320-mini-4k-wi-preto-bluetooth-android-preto-127-220v-MLB50114846.html,MLB50114846,OK,CORRECT,OK,OK,OK,200
https://comparapreco.github.io/ofertas/tv-e-video/smart-tv-lg-50-4k-uhd-50ur8750-psa-wi-bluetooth-hdr10-pro-AMZ-B08S6S765X.html,UNKNOWN,OK,CORRECT,OK,OK,OK,200
https://comparapreco.github.io/ofertas/tv-e-video/smart-tv-43-aoc-led-roku-full-hd-wi-60hz-hdmi-usb-43s5155-78g-MLB54589097.html,MLB54589097,OK,CORRECT,OK,OK,OK,200
https://comparapreco.github.io/ofertas/tv-e-video/smart-tv-philco-58-p58vik-4k-uhd-led-roku-dolby-audio-wi-hdr10-110-220v-MLB67275824.html,MLB67275824,OK,CORRECT,OK,OK,OK,200
https://comparapreco.github.io/ofertas/tv-e-video/projetor-portatil-full-hd-4k-t15-pro-10000lm-cores-fortes-hd-preto-127-220v-MLB54742419.html,MLB54742419,OK,CORRECT,OK,OK,OK,200
https://comparapreco.github.io/ofertas/tv-e-video/smart-tv-43-philco-p43vik-roku-led-dolby-audio-wi-hdmi-hdr-full-hd-110-220v-MLB54963045.html,MLB54963045,OK,CORRECT,OK,OK,OK,200
https://comparapreco.github.io/ofertas/tv-e-video/smart-tv-toshiba-43-polegadas-43v35rs-full-hd-MLB51202548.html,MLB51202548,OK,CORRECT,OK,OK,OK,200
https://comparapreco.github.io/ofertas/tv-e-video/smart-tv-philco-50-p50vik-4k-uhd-led-roku-dolby-audio-wi-hdr10-110-220v-MLB57790379.html,MLB57790379,OK,CORRECT,OK,OK,OK,200
https://comparapreco.github.io/ofertas/tv-e-video/smart-tv-43-philco-roku-tv-hdr10-dolby-audio-p43kra-MLB41106126.html,MLB41106126,OK,CORRECT,OK,OK,OK,200
https://comparapreco.github.io/ofertas/tv-e-video/smart-tv-philips-50-4k-50pug7300-comando-de-voz-bluetooth-MLB39228680.html,MLB39228680,OK,CORRECT,OK,OK,OK,200
https://comparapreco.github.io/ofertas/tv-e-video/smart-tv-samsung-led-50-lh50befh4ggxzd-led-crystal-processor-4k-uhd-tizen-110v-220v-MLB48954912.html,MLB48954912,OK,CORRECT,OK,OK,OK,200
https://comparapreco.github.io/ofertas/tv-e-video/smart-tv-samsung-32-ls32h5000fgxzd-hd-led-wifi-hdmi-110-220v-MLB57723340.html,MLB57723340,OK,CORRECT,OK,OK,OK,200
https://comparapreco.github.io/ofertas/tv-e-video/smart-tv-samsung-43-ls43f6000fgxzd-full-hd-led-110v-220v-MLB63777677.html,MLB63777677,OK,CORRECT,OK,OK,OK,200
https://comparapreco.github.io/ofertas/tv-e-video/smart-tv-tcl-50-polegadas-qled-4k-p7k-wifi-bluetooth-google-tv-hdr10-dolby-atmos-dolby-vision-50p7k-MLB48957057.html,MLB48957057,OK,CORRECT,OK,OK,OK,200
https://comparapreco.github.io/ofertas/tv-e-video/tv-box-uni-v10-4k-lancamento-versao-branco-padrao-copa-2026-branco-padrao-MLB65529879.html,MLB65529879,OK,CORRECT,OK,OK,OK,200
https://comparapreco.github.io/ofertas/tv-e-video/smart-tv-32-philco-roku-tv-dolby-audio-hdr10-p32crb-MLB66055148.html,MLB66055148,OK,CORRECT,OK,OK,OK,200
https://comparapreco.github.io/ofertas/tv-e-video/samsung-smart-tv-58-crystal-uhd-4k-u8500f-2025-MLB50518005.html,MLB50518005,OK,CORRECT,OK,OK,OK,200
https://comparapreco.github.io/ofertas/tv-e-video/smart-tv-philco-40-p40vik-led-roku-dolby-audio-wi-hdmi-hdr-full-hd-110-220v-MLB27472599.html,MLB27472599,OK,CORRECT,OK,OK,OK,200
https://comparapreco.github.io/ofertas/tv-e-video/smart-tv-samsung-32-ls32h5000fgxzd-hd-led-wifi-hdmi-110-220v-MLB58372375.html,MLB58372375,OK,CORRECT,OK,OK,OK,200
https://comparapreco.github.io/ofertas/tv-e-video/projetor-bettdow-ac1066-350ansi-para-netflix-chatgpt-preto-127-220v-MLB54014512.html,MLB54014512,OK,CORRECT,OK,OK,OK,200
https://comparapreco.github.io/ofertas/tv-e-video/roku-streaming-stick-2025-para-tv-hd-fhd-controle-por-voz-preto-de-voz-MLB24008975.html,MLB24008975,OK,CORRECT,OK,OK,OK,200
https://comparapreco.github.io/ofertas/tv-e-video/projetor-smart-portatil-full-hd-4k-bluetooth-android-wifi-branco-127-220v-MLB30999973.html,MLB30999973,OK,CORRECT,OK,OK,OK,200
https://comparapreco.github.io/ofertas/tv-e-video/smart-tv-h5000f-hd-32-polegadas-2025-preto-samsung-bivolt-MLB65102499.html,MLB65102499,OK,CORRECT,OK,OK,OK,200
https://comparapreco.github.io/ofertas/tv-e-video/smart-tv-tcl-55-polegadas-qled-4k-p8k-wifi-bluetooth-google-tv-144hz-hdr10-dolby-atmos-vision-55p8k-MLB43158430.html,MLB43158430,OK,CORRECT,OK,OK,OK,200
https://comparapreco.github.io/ofertas/tv-e-video/projetor-portatil-magcubic-hy300pro-smart-com-android-11-wi-6-e-bluetooth-50-branco-127-220v-MLB53658747.html,MLB53658747,OK,CORRECT,OK,OK,OK,200
https://comparapreco.github.io/ofertas/tv-e-video/projetor-portatil-4k-hd-android-110-smart-wifi-5g-bluetooth-branco-127-220v-MLB20471705.html,MLB20471705,OK,CORRECT,OK,OK,OK,200
https://comparapreco.github.io/ofertas/tv-e-video/smart-tv-samsung-ls32betblggxzd-32-hd-led-MLB54964776.html,MLB54964776,OK,CORRECT,OK,OK,OK,200
https://comparapreco.github.io/ofertas/tv-e-video/lancamento-tv-box-uni-v10-4k-versao-branco-padrao-copa-2026-branco-MLB57082682.html,MLB57082682,OK,CORRECT,OK,OK,OK,200
